{"cameraMode":{"drawMode":0,"name":"Shaded","section":"Shading Mode"},"sceneLighting":true,"audioPlay":false,"sceneViewState":{"m_AlwaysRefresh":false,"showFog":true,"showSkybox":true,"showFlares":true,"showImageEffects":true,"showParticleSystems":true,"showVisualEffectGraphs":true,"m_FxEnabled":true},"in2DMode":false,"pivot":{"x":0.03934359550476074,"y":-0.7403278350830078,"z":-0.007325410842895508},"rotation":{"x":-0.14663009345531465,"y":0.8533052206039429,"z":-0.348074734210968,"w":-0.35946372151374819},"size":2.180321455001831,"orthographic":false}